skill,trainscore,testscore,important_num
Oral.Comprehension,0.8988505747126436,0.8762886597938144,510
Written.Comprehension,0.9275862068965517,0.9072164948453608,506
Oral.Expression,0.9114942528735632,0.8865979381443299,482
Written.Expression,0.9333333333333333,0.8762886597938144,476
Fluency.of.Ideas,0.9310344827586207,0.7938144329896907,468
Originality,0.9287356321839081,0.8041237113402062,472
Problem.Sensitivity,0.867816091954023,0.7010309278350515,486
Deductive.Reasoning,0.9057471264367816,0.8762886597938144,476
Inductive.Reasoning,0.9149425287356322,0.8144329896907216,461
Information.Ordering,0.8873563218390804,0.7010309278350515,437
Category.Flexibility,0.8908045977011494,0.7525773195876289,458
Mathematical.Reasoning,0.9160919540229885,0.8350515463917526,436
Number.Facility,0.8954022988505748,0.7731958762886598,431
Memorization,0.8781609195402299,0.7216494845360825,468
Speed.of.Closure,0.8873563218390804,0.7010309278350515,488
Flexibility.of.Closure,0.9091954022988505,0.6597938144329897,484
Perceptual.Speed,0.8919540229885058,0.7216494845360825,505
Spatial.Orientation,0.9091954022988505,0.8556701030927835,411
Visualization,0.9091954022988505,0.7628865979381443,482
Selective.Attention,0.9011494252873563,0.7216494845360825,463
Time.Sharing,0.9114942528735632,0.6082474226804123,500
Arm.Hand.Steadiness,0.9436781609195403,0.8762886597938144,524
Manual.Dexterity,0.9436781609195403,0.9175257731958762,501
Finger.Dexterity,0.9367816091954023,0.8556701030927835,498
Control.Precision,0.9344827586206896,0.865979381443299,471
Multilimb.Coordination,0.9379310344827586,0.8762886597938144,504
Response.Orientation,0.9229885057471264,0.8556701030927835,476
Rate.Control,0.9126436781609195,0.865979381443299,433
Reaction.Time,0.9229885057471264,0.8762886597938144,440
Wrist.Finger.Speed,0.8919540229885058,0.8762886597938144,504
Speed.of.Limb.Movement,0.9218390804597701,0.7422680412371134,451
Static.Strength,0.9482758620689655,0.8762886597938144,467
Explosive.Strength,0.8632183908045977,0.7628865979381443,367
Dynamic.Strength,0.9356321839080459,0.8865979381443299,492
Trunk.Strength,0.9390804597701149,0.865979381443299,445
Stamina,0.9321839080459771,0.7628865979381443,492
Extent.Flexibility,0.9287356321839081,0.9175257731958762,465
Dynamic.Flexibility,0.8942528735632184,0.845360824742268,346
Gross.Body.Coordination,0.9379310344827586,0.8247422680412371,513
Gross.Body.Equilibrium,0.9344827586206896,0.865979381443299,493
Near.Vision,0.9057471264367816,0.6597938144329897,473
Far.Vision,0.867816091954023,0.6494845360824743,439
Visual.Color.Discrimination,0.8816091954022989,0.8247422680412371,498
Night.Vision,0.8954022988505748,0.8350515463917526,379
Peripheral.Vision,0.906896551724138,0.8350515463917526,387
Depth.Perception,0.9137931034482759,0.8144329896907216,444
Glare.Sensitivity,0.9057471264367816,0.8247422680412371,398
Hearing.Sensitivity,0.8873563218390804,0.8041237113402062,415
Auditory.Attention,0.8770114942528736,0.7422680412371134,437
Sound.Localization,0.9091954022988505,0.865979381443299,386
Speech.Recognition,0.9,0.8556701030927835,458
Speech.Clarity,0.9160919540229885,0.8556701030927835,463
Getting.Information,0.8850574712643678,0.6804123711340206,467
Monitor.Processes..Materials..or.Surroundings,0.8781609195402299,0.6804123711340206,499
Identifying.Objects..Actions..and.Events,0.8873563218390804,0.5154639175257731,466
Inspecting.Equipment..Structures..or.Material,0.9310344827586207,0.8762886597938144,519
Estimating.the.Quantifiable.Characteristics.of.Products..Events..or.Information,0.8781609195402299,0.6804123711340206,485
Judging.the.Qualities.of.Things..Services..or.People,0.8942528735632184,0.6288659793814433,479
Processing.Information,0.8954022988505748,0.7835051546391752,467
Evaluating.Information.to.Determine.Compliance.with.Standards,0.8931034482758621,0.7835051546391752,480
Analyzing.Data.or.Information,0.9080459770114943,0.7835051546391752,455
Making.Decisions.and.Solving.Problems,0.8620689655172413,0.7835051546391752,496
Thinking.Creatively,0.9183908045977012,0.7938144329896907,439
Updating.and.Using.Relevant.Knowledge,0.9091954022988505,0.7731958762886598,505
Developing.Objectives.and.Strategies,0.8908045977011494,0.8556701030927835,434
Scheduling.Work.and.Activities,0.8839080459770114,0.7010309278350515,498
Organizing..Planning..and.Prioritizing.Work,0.8747126436781609,0.7525773195876289,485
Performing.General.Physical.Activities,0.9333333333333333,0.865979381443299,483
Handling.and.Moving.Objects,0.9367816091954023,0.9175257731958762,480
Controlling.Machines.and.Processes,0.9206896551724137,0.9278350515463918,437
Operating.Vehicles..Mechanized.Devices..or.Equipment,0.9091954022988505,0.8762886597938144,401
Interacting.With.Computers,0.9264367816091954,0.8144329896907216,530
Drafting..Laying.Out..and.Specifying.Technical.Devices..Parts..and.Equipment,0.9022988505747126,0.8762886597938144,407
Repairing.and.Maintaining.Mechanical.Equipment,0.9218390804597701,0.9072164948453608,414
Repairing.and.Maintaining.Electronic.Equipment,0.9045977011494253,0.8144329896907216,410
Documenting.Recording.Information,0.9022988505747126,0.7422680412371134,508
Interpreting.the.Meaning.of.Information.for.Others,0.8896551724137931,0.7835051546391752,451
Communicating.with.Supervisors..Peers..or.Subordinates,0.8528735632183908,0.7422680412371134,504
Communicating.with.Persons.Outside.Organization,0.8816091954022989,0.7216494845360825,497
Establishing.and.Maintaining.Interpersonal.Relationships,0.9057471264367816,0.8144329896907216,475
Assisting.and.Caring.for.Others,0.9022988505747126,0.7010309278350515,388
Selling.or.Influencing.Others,0.8942528735632184,0.7731958762886598,413
Resolving.Conflicts.and.Negotiating.with.Others,0.9103448275862069,0.7422680412371134,440
Performing.for.or.Working.Directly.with.the.Public,0.9287356321839081,0.8144329896907216,491
Coordinating.the.Work.and.Activities.of.Others,0.8931034482758621,0.6907216494845361,477
Developing.and.Building.Teams,0.8839080459770114,0.7010309278350515,473
Training.and.Teaching.Others,0.8908045977011494,0.6804123711340206,444
Guiding..Directing..and.Motivating.Subordinates,0.9011494252873563,0.7319587628865979,454
Coaching.and.Developing.Others,0.8896551724137931,0.8041237113402062,437
Provide.Consultation.and.Advice.to.Others,0.8919540229885058,0.7628865979381443,451
Performing.Administrative.Activities,0.8873563218390804,0.7422680412371134,454
Staffing.Organizational.Units,0.871264367816092,0.6804123711340206,450
Monitoring.and.Controlling.Resources,0.906896551724138,0.711340206185567,451
Administration.and.Management,0.8919540229885058,0.7628865979381443,457
Clerical,0.8919540229885058,0.7319587628865979,461
Economics.and.Accounting,0.8931034482758621,0.8144329896907216,399
Sales.and.Marketing,0.9103448275862069,0.7422680412371134,399
Customer.and.Personal.Service,0.906896551724138,0.845360824742268,504
Personnel.and.Human.Resources,0.9080459770114943,0.6701030927835051,417
Production.and.Processing,0.8942528735632184,0.8041237113402062,437
Food.Production,0.8632183908045977,0.7010309278350515,270
Computers.and.Electronics,0.9080459770114943,0.7938144329896907,471
Engineering.and.Technology,0.9183908045977012,0.8556701030927835,392
Design,0.9218390804597701,0.8041237113402062,396
Building.and.Construction,0.896551724137931,0.8350515463917526,335
Mechanical,0.9333333333333333,0.9175257731958762,424
Mathematics,0.9229885057471264,0.7731958762886598,464
Physics,0.9022988505747126,0.7835051546391752,389
Chemistry,0.9241379310344827,0.7731958762886598,412
Biology,0.9218390804597701,0.8350515463917526,291
Psychology,0.9287356321839081,0.8556701030927835,400
Sociology.and.Anthropology,0.9091954022988505,0.7628865979381443,375
Geography,0.9080459770114943,0.7835051546391752,360
Medicine.and.Dentistry,0.9022988505747126,0.8556701030927835,289
Therapy.and.Counseling,0.9218390804597701,0.845360824742268,312
Education.and.Training,0.8804597701149425,0.6907216494845361,390
English.Language,0.8942528735632184,0.8041237113402062,484
Foreign.Language,0.8896551724137931,0.6701030927835051,416
Fine.Arts,0.9137931034482759,0.8041237113402062,256
History.and.Archeology,0.9011494252873563,0.711340206185567,318
Philosophy.and.Theology,0.9218390804597701,0.8556701030927835,359
Public.Safety.and.Security,0.9045977011494253,0.7731958762886598,458
Law.and.Government,0.9057471264367816,0.7010309278350515,412
Telecommunications,0.896551724137931,0.7835051546391752,399
Communications.and.Media,0.906896551724138,0.8144329896907216,432
Transportation,0.8942528735632184,0.7835051546391752,402
Writing,0.9413793103448276,0.8556701030927835,471
Troubleshooting,0.9264367816091954,0.845360824742268,441
Time.Management,0.8839080459770114,0.7731958762886598,455
Technology.Design,0.9229885057471264,0.6701030927835051,432
Systems.Evaluation,0.9298850574712644,0.8556701030927835,463
Systems.Analysis,0.9241379310344827,0.7835051546391752,468
Speaking,0.9252873563218391,0.9072164948453608,477
Social.Perceptiveness,0.9229885057471264,0.8865979381443299,435
Service.Orientation,0.9275862068965517,0.8350515463917526,452
Science,0.9287356321839081,0.865979381443299,359
Repairing,0.9275862068965517,0.8556701030927835,378
Reading.Comprehension,0.9298850574712644,0.9381443298969072,486
Quality.Control.Analysis,0.9103448275862069,0.8144329896907216,487
Programming,0.8908045977011494,0.6701030927835051,408
Persuasion,0.9183908045977012,0.8041237113402062,494
Operations.Analysis,0.8896551724137931,0.7731958762886598,419
Operation.Monitoring,0.9137931034482759,0.8762886597938144,468
Operation.and.Control,0.9241379310344827,0.8762886597938144,455
Negotiation,0.8954022988505748,0.8041237113402062,458
Monitoring,0.8908045977011494,0.7731958762886598,456
Mathematics.1,0.9126436781609195,0.8144329896907216,415
Management.of.Personnel.Resources,0.8896551724137931,0.8350515463917526,477
Management.of.Material.Resources,0.8942528735632184,0.7525773195876289,410
Management.of.Financial.Resources,0.8896551724137931,0.7835051546391752,388
Learning.Strategies,0.9022988505747126,0.8865979381443299,431
Judgment.and.Decision.Making,0.9011494252873563,0.8144329896907216,457
Instructing,0.9091954022988505,0.7938144329896907,436
Installation,0.9022988505747126,0.8144329896907216,244
Equipment.Selection,0.9149425287356322,0.865979381443299,430
Equipment.Maintenance,0.9241379310344827,0.845360824742268,392
Critical.Thinking,0.9126436781609195,0.8556701030927835,465
Coordination,0.8954022988505748,0.845360824742268,443
Complex.Problem.Solving,0.9045977011494253,0.8041237113402062,446
Active.Listening,0.9126436781609195,0.865979381443299,506
Active.Learning,0.9172413793103448,0.8762886597938144,465
