Id,Label,timeset,modularity_class,type,skills,description,group
Administration.and.Management,Administration.and.Management,,1,knowledge,Administration and Management,"Administration and Management,Knowledge of business and management principles involved in strategic planning, resource allocation, human resources modeling, leadership technique, production methods, and coordination of people and resources.",1
Clerical,Clerical,,1,knowledge,Clerical,"Clerical,Knowledge of administrative and clerical procedures and systems such as word processing, managing files and records, stenography and transcription, designing forms, and other office procedures and terminology.",1
Economics.and.Accounting,Economics.and.Accounting,,1,knowledge,Economics and Accounting,"Economics and Accounting,Knowledge of economic and accounting principles and practices, the financial markets, banking and the analysis and reporting of financial data.",1
Sales.and.Marketing,Sales.and.Marketing,,1,knowledge,Sales and Marketing,"Sales and Marketing,Knowledge of principles and methods for showing, promoting, and selling products or services. This includes marketing strategy and tactics, product demonstration, sales techniques, and sales control systems.",1
Customer.and.Personal.Service,Customer.and.Personal.Service,,1,knowledge,Customer and Personal Service,"Customer and Personal Service,Knowledge of principles and processes for providing customer and personal services. This includes customer needs assessment, meeting quality standards for services, and evaluation of customer satisfaction.",1
Personnel.and.Human.Resources,Personnel.and.Human.Resources,,1,knowledge,Personnel and Human Resources,"Personnel and Human Resources,Knowledge of principles and procedures for personnel recruitment, selection, training, compensation and benefits, labor relations and negotiation, and personnel information systems.",1
Computers.and.Electronics,Computers.and.Electronics,,1,knowledge,Computers and Electronics,"Computers and Electronics,Knowledge of circuit boards, processors, chips, electronic equipment, and computer hardware and software, including applications and programming.",1
Biology,Biology,,1,knowledge,Biology,"Biology,Knowledge of plant and animal organisms, their tissues, cells, functions, interdependencies, and interactions with each other and the environment.",1
Psychology,Psychology,,1,knowledge,Psychology,"Psychology,Knowledge of human behavior and performance; individual differences in ability, personality, and interests; learning and motivation; psychological research methods; and the assessment and treatment of behavioral and affective disorders.",1
Sociology.and.Anthropology,Sociology.and.Anthropology,,1,knowledge,Sociology and Anthropology,"Sociology and Anthropology,Knowledge of group behavior and dynamics, societal trends and influences, human migrations, ethnicity, cultures and their history and origins.",1
Geography,Geography,,1,knowledge,Geography,"Geography,Knowledge of principles and methods for describing the features of land, sea, and air masses, including their physical characteristics, locations, interrelationships, and distribution of plant, animal, and human life.",1
Medicine.and.Dentistry,Medicine.and.Dentistry,,1,knowledge,Medicine and Dentistry,"Medicine and Dentistry,Knowledge of the information and techniques needed to diagnose and treat human injuries, diseases, and deformities. This includes symptoms, treatment alternatives, drug properties and interactions, and preventive health-care measures.",1
Therapy.and.Counseling,Therapy.and.Counseling,,1,knowledge,Therapy and Counseling,"Therapy and Counseling,Knowledge of principles, methods, and procedures for diagnosis, treatment, and rehabilitation of physical and mental dysfunctions, and for career counseling and guidance.",1
Education.and.Training,Education.and.Training,,1,knowledge,Education and Training,"Education and Training,Knowledge of principles and methods for curriculum and training design, teaching and instruction for individuals and groups, and the measurement of training effects.",1
English.Language,English.Language,,1,knowledge,English Language,"English Language,Knowledge of the structure and content of the English language including the meaning and spelling of words, rules of composition, and grammar.",1
Foreign.Language,Foreign.Language,,1,knowledge,Foreign Language,"Foreign Language,Knowledge of the structure and content of a foreign (non-English) language including the meaning and spelling of words, rules of composition and grammar, and pronunciation.",1
Fine.Arts,Fine.Arts,,1,knowledge,Fine Arts,"Fine Arts,Knowledge of the theory and techniques required to compose, produce, and perform works of music, dance, visual arts, drama, and sculpture.",1
History.and.Archeology,History.and.Archeology,,1,knowledge,History and Archeology,"History and Archeology,Knowledge of historical events and their causes, indicators, and effects on civilizations and cultures.",1
Philosophy.and.Theology,Philosophy.and.Theology,,1,knowledge,Philosophy and Theology,"Philosophy and Theology,Knowledge of different philosophical systems and religions. This includes their basic principles, values, ethics, ways of thinking, customs, practices, and their impact on human culture.",1
Law.and.Government,Law.and.Government,,1,knowledge,Law and Government,"Law and Government,Knowledge of laws, legal codes, court procedures, precedents, government regulations, executive orders, agency rules, and the democratic political process.",1
Telecommunications,Telecommunications,,1,knowledge,Telecommunications,"Telecommunications,Knowledge of transmission, broadcasting, switching, control, and operation of telecommunications systems.",1
Communications.and.Media,Communications.and.Media,,1,knowledge,Communications and Media,"Communications and Media,Knowledge of media production, communication, and dissemination techniques and methods. This includes alternative ways to inform and entertain via written, oral, and visual media.",1
Mathematics.1,Mathematics.1,,1,knowledge,Mathematics2,"Mathematics,Knowledge of arithmetic, algebra, geometry, calculus, statistics, and their applications.",1
Production.and.Processing,Production.and.Processing,,0,knowledge,Production and Processing,"Production and Processing,Knowledge of raw materials, production processes, quality control, costs, and other techniques for maximizing the effective manufacture and distribution of goods.",1
Food.Production,Food.Production,,0,knowledge,Food Production,"Food Production,Knowledge of techniques and equipment for planting, growing, and harvesting food products (both plant and animal) for consumption, including storage/handling techniques.",1
Engineering.and.Technology,Engineering.and.Technology,,0,knowledge,Engineering and Technology,"Engineering and Technology,Knowledge of the practical application of engineering science and technology. This includes applying principles, techniques, procedures, and equipment to the design and production of various goods and services.",1
Design,Design,,0,knowledge,Design,"Design,Knowledge of design techniques, tools, and principles involved in production of precision technical plans, blueprints, drawings, and models.",1
Building.and.Construction,Building.and.Construction,,0,knowledge,Building and Construction,"Building and Construction,Knowledge of materials, methods, and the tools involved in the construction or repair of houses, buildings, or other structures such as highways and roads.",1
Mechanical,Mechanical,,0,knowledge,Mechanical,"Mechanical,Knowledge of machines and tools, including their designs, uses, repair, and maintenance.",1
Physics,Physics,,0,knowledge,Physics,"Physics,Knowledge and prediction of physical principles, laws, their interrelationships, and applications to understanding fluid, material, and atmospheric dynamics, and mechanical, electrical, atomic and sub- atomic structures and processes.",1
Chemistry,Chemistry,,0,knowledge,Chemistry,"Chemistry,Knowledge of the chemical composition, structure, and properties of substances and of the chemical processes and transformations that they undergo. This includes uses of chemicals and their interactions, danger signs, production techniques, and disposal methods.",1
Public.Safety.and.Security,Public.Safety.and.Security,,0,knowledge,Public Safety and Security,"Public Safety and Security,Knowledge of relevant equipment, policies, procedures, and strategies to promote effective local, state, or national security operations for the protection of people, data, property, and institutions.",1
Transportation,Transportation,,0,knowledge,Transportation,"Transportation,Knowledge of principles and methods for moving people or goods by air, rail, sea, or road, including the relative costs and benefits.",1
Interpreting.the.Meaning.of.Information.for.Others,Interpreting.the.Meaning.of.Information.for.Others,,1,Interacting With Others,Interpreting the Meaning of Information for Others,"Interpreting the Meaning of Information for Others,Translating or explaining what information means and how it can be used.",2
Communicating.with.Supervisors..Peers..or.Subordinates,Communicating.with.Supervisors..Peers..or.Subordinates,,1,Interacting With Others,Communicating with Supervisors,"Communicating with Supervisors, Peers, or Subordinates,Providing information to supervisors, co-workers, and subordinates by telephone, in written form, e-mail, or in person.",2
Communicating.with.Persons.Outside.Organization,Communicating.with.Persons.Outside.Organization,,1,Interacting With Others,Communicating with Persons Outside Organization,"Communicating with Persons Outside Organization,Communicating with people outside the organization, representing the organization to customers, the public, government, and other external sources. This information can be exchanged in person, in writing, or by telephone or e-mail.",2
Establishing.and.Maintaining.Interpersonal.Relationships,Establishing.and.Maintaining.Interpersonal.Relationships,,1,Interacting With Others,Establishing and Maintaining Interpersonal Relationships,"Establishing and Maintaining Interpersonal Relationships,Developing constructive and cooperative working relationships with others, and maintaining them over time.",2
Assisting.and.Caring.for.Others,Assisting.and.Caring.for.Others,,1,Interacting With Others,Assisting and Caring for Others,"Assisting and Caring for Others,Providing personal assistance, medical attention, emotional support, or other personal care to others such as coworkers, customers, or patients.",2
Selling.or.Influencing.Others,Selling.or.Influencing.Others,,1,Interacting With Others,Selling or Influencing Others,"Selling or Influencing Others,Convincing others to buy merchandise/goods or to otherwise change their minds or actions.",2
Resolving.Conflicts.and.Negotiating.with.Others,Resolving.Conflicts.and.Negotiating.with.Others,,1,Interacting With Others,Resolving Conflicts and Negotiating with Others,"Resolving Conflicts and Negotiating with Others,Handling complaints, settling disputes, and resolving grievances and conflicts, or otherwise negotiating with others.",2
Performing.for.or.Working.Directly.with.the.Public,Performing.for.or.Working.Directly.with.the.Public,,1,Interacting With Others,Performing for or Working Directly with the Public,"Performing for or Working Directly with the Public,Performing for people or dealing directly with the public. This includes serving customers in restaurants and stores, and receiving clients or guests.",2
Coordinating.the.Work.and.Activities.of.Others,Coordinating.the.Work.and.Activities.of.Others,,1,Interacting With Others,Coordinating the Work and Activities of Others,"Coordinating the Work and Activities of Others,Getting members of a group to work together to accomplish tasks.",2
Developing.and.Building.Teams,Developing.and.Building.Teams,,1,Interacting With Others,Developing and Building Teams,"Developing and Building Teams,Encouraging and building mutual trust, respect, and cooperation among team members.",2
Training.and.Teaching.Others,Training.and.Teaching.Others,,1,Interacting With Others,Training and Teaching Others,"Training and Teaching Others,Identifying the educational needs of others, developing formal educational or training programs or classes, and teaching or instructing others.",2
Guiding..Directing..and.Motivating.Subordinates,Guiding..Directing..and.Motivating.Subordinates,,1,Interacting With Others,Guiding,"Guiding, Directing, and Motivating Subordinates,Providing guidance and direction to subordinates, including setting performance standards and monitoring performance.",2
Coaching.and.Developing.Others,Coaching.and.Developing.Others,,1,Interacting With Others,Coaching and Developing Others,"Coaching and Developing Others,Identifying the developmental needs of others and coaching, mentoring, or otherwise helping others to improve their knowledge or skills.",2
Provide.Consultation.and.Advice.to.Others,Provide.Consultation.and.Advice.to.Others,,1,Interacting With Others,Provide Consultation and Advice to Others,"Provide Consultation and Advice to Others,Providing guidance and expert advice to management or other groups on technical, systems-, or process-related topics.",2
Performing.Administrative.Activities,Performing.Administrative.Activities,,1,Interacting With Others,Performing Administrative Activities,"Performing Administrative Activities,Performing day-to-day administrative tasks such as maintaining information files and processing paperwork.",2
Staffing.Organizational.Units,Staffing.Organizational.Units,,1,Interacting With Others,Staffing Organizational Units,"Staffing Organizational Units,Recruiting, interviewing, selecting, hiring, and promoting employees in an organization.",2
Monitoring.and.Controlling.Resources,Monitoring.and.Controlling.Resources,,1,Interacting With Others,Monitoring and Controlling Resources,"Monitoring and Controlling Resources,Monitoring and controlling resources and overseeing the spending of money.",2
Judging.the.Qualities.of.Things..Services..or.People,Judging.the.Qualities.of.Things..Services..or.People,,1,Mental Processes,Judging the Qualities of Things,"Judging the Qualities of Things, Services, or People,Assessing the value, importance, or quality of things or people.",3
Processing.Information,Processing.Information,,1,Mental Processes,Processing Information,"Processing Information,Compiling, coding, categorizing, calculating, tabulating, auditing, or verifying information or data.",3
Evaluating.Information.to.Determine.Compliance.with.Standards,Evaluating.Information.to.Determine.Compliance.with.Standards,,1,Mental Processes,Evaluating Information to Determine Compliance with Standards,"Evaluating Information to Determine Compliance with Standards,Using relevant information and individual judgment to determine whether events or processes comply with laws, regulations, or standards.",3
Analyzing.Data.or.Information,Analyzing.Data.or.Information,,1,Mental Processes,Analyzing Data or Information,"Analyzing Data or Information,Identifying the underlying principles, reasons, or facts of information by breaking down information or data into separate parts.",3
Making.Decisions.and.Solving.Problems,Making.Decisions.and.Solving.Problems,,1,Mental Processes,Making Decisions and Solving Problems,"Making Decisions and Solving Problems,Analyzing information and evaluating results to choose the best solution and solve problems.",3
Thinking.Creatively,Thinking.Creatively,,1,Mental Processes,Thinking Creatively,"Thinking Creatively,Developing, designing, or creating new applications, ideas, relationships, systems, or products, including artistic contributions.",3
Updating.and.Using.Relevant.Knowledge,Updating.and.Using.Relevant.Knowledge,,1,Mental Processes,Updating and Using Relevant Knowledge,"Updating and Using Relevant Knowledge,Keeping up-to-date technically and applying new knowledge to your job.",3
Developing.Objectives.and.Strategies,Developing.Objectives.and.Strategies,,1,Mental Processes,Developing Objectives and Strategies,"Developing Objectives and Strategies,Establishing long-range objectives and specifying the strategies and actions to achieve them.",3
Scheduling.Work.and.Activities,Scheduling.Work.and.Activities,,1,Mental Processes,Scheduling Work and Activities,"Scheduling Work and Activities,Scheduling events, programs, and activities, as well as the work of others.",3
Organizing..Planning..and.Prioritizing.Work,Organizing..Planning..and.Prioritizing.Work,,1,Mental Processes,Organizing,"Organizing, Planning, and Prioritizing Work,Developing specific goals and plans to prioritize, organize, and accomplish your work.",3
Writing,Writing,,1,Basic Skills,Writing,"Writing,Communicating effectively in writing as appropriate for the needs of the audience.",4
Speaking,Speaking,,1,Basic Skills,Speaking,"Speaking,Talking to others to convey information effectively.",4
Science,Science,,1,Basic Skills,Science,"Science,Using scientific rules and methods to solve problems.",4
Reading.Comprehension,Reading.Comprehension,,1,Basic Skills,Reading Comprehension,"Reading Comprehension,Understanding written sentences and paragraphs in work related documents.",4
Monitoring,Monitoring,,1,Basic Skills,Monitoring,"Monitoring,Monitoring/Assessing performance of yourself, other individuals, or organizations to make improvements or take corrective action.",4
Learning.Strategies,Learning.Strategies,,1,Basic Skills,Learning Strategies,"Learning Strategies,Selecting and using training/instructional methods and procedures appropriate for the situation when learning or teaching new things.",4
Critical.Thinking,Critical.Thinking,,1,Basic Skills,Critical Thinking,"Critical Thinking,Using logic and reasoning to identify the strengths and weaknesses of alternative solutions, conclusions or approaches to problems.",4
Active.Listening,Active.Listening,,1,Basic Skills,Active Listening,"Active Listening,Giving full attention to what other people are saying, taking time to understand the points being made, asking questions as appropriate, and not interrupting at inappropriate times.",4
Active.Learning,Active.Learning,,1,Basic Skills,Active Learning,"Active Learning,Understanding the implications of new information for both current and future problem-solving and decision-making.",4
Mathematics,Mathematics,,0,Basic Skills,Mathematics,"Mathematics,Using mathematics to solve problems.",4
Oral.Comprehension,Oral.Comprehension,,1,Cognitive Abilities,Oral Comprehension,"Oral Comprehension,The ability to listen to and understand information and ideas presented through spoken words and sentences.",5
Written.Comprehension,Written.Comprehension,,1,Cognitive Abilities,Written Comprehension,"Written Comprehension,The ability to read and understand information and ideas presented in writing.",5
Oral.Expression,Oral.Expression,,1,Cognitive Abilities,Oral Expression,"Oral Expression,The ability to communicate information and ideas in speaking so others will understand.",5
Written.Expression,Written.Expression,,1,Cognitive Abilities,Written Expression,"Written Expression,The ability to communicate information and ideas in writing so others will understand.",5
Fluency.of.Ideas,Fluency.of.Ideas,,1,Cognitive Abilities,Fluency of Ideas,"Fluency of Ideas,The ability to come up with a number of ideas about a topic (the number of ideas is important, not their quality, correctness, or creativity).",5
Originality,Originality,,1,Cognitive Abilities,Originality,"Originality,The ability to come up with unusual or clever ideas about a given topic or situation, or to develop creative ways to solve a problem.",5
Problem.Sensitivity,Problem.Sensitivity,,1,Cognitive Abilities,Problem Sensitivity,"Problem Sensitivity,The ability to tell when something is wrong or is likely to go wrong. It does not involve solving the problem, only recognizing there is a problem.",5
Deductive.Reasoning,Deductive.Reasoning,,1,Cognitive Abilities,Deductive Reasoning,"Deductive Reasoning,The ability to apply general rules to specific problems to produce answers that make sense.",5
Inductive.Reasoning,Inductive.Reasoning,,1,Cognitive Abilities,Inductive Reasoning,"Inductive Reasoning,The ability to combine pieces of information to form general rules or conclusions (includes finding a relationship among seemingly unrelated events).",5
Information.Ordering,Information.Ordering,,1,Cognitive Abilities,Information Ordering,"Information Ordering,The ability to arrange things or actions in a certain order or pattern according to a specific rule or set of rules (e.g., patterns of numbers, letters, words, pictures, mathematical operations).",5
Category.Flexibility,Category.Flexibility,,1,Cognitive Abilities,Category Flexibility,"Category Flexibility,The ability to generate or use different sets of rules for combining or grouping things in different ways.",5
Mathematical.Reasoning,Mathematical.Reasoning,,1,Cognitive Abilities,Mathematical Reasoning,"Mathematical Reasoning,The ability to choose the right mathematical methods or formulas to solve a problem.",5
Number.Facility,Number.Facility,,1,Cognitive Abilities,Number Facility,"Number Facility,The ability to add, subtract, multiply, or divide quickly and correctly.",5
Memorization,Memorization,,1,Cognitive Abilities,Memorization,"Memorization,The ability to remember information such as words, numbers, pictures, and procedures.",5
Speed.of.Closure,Speed.of.Closure,,1,Cognitive Abilities,Speed of Closure,"Speed of Closure,The ability to quickly make sense of, combine, and organize information into meaningful patterns.",5
Time.Sharing,Time.Sharing,,1,Cognitive Abilities,Time Sharing,"Time Sharing,The ability to shift back and forth between two or more activities or sources of information (such as speech, sounds, touch, or other sources).",5
Flexibility.of.Closure,Flexibility.of.Closure,,0,Cognitive Abilities,Flexibility of Closure,"Flexibility of Closure,The ability to identify or detect a known pattern (a figure, object, word, or sound) that is hidden in other distracting material.",5
Perceptual.Speed,Perceptual.Speed,,0,Cognitive Abilities,Perceptual Speed,"Perceptual Speed,The ability to quickly and accurately compare similarities and differences among sets of letters, numbers, objects, pictures, or patterns. The things to be compared may be presented at the same time or one after the other. This ability also includes comparing a presented object with a remembered object.",5
Spatial.Orientation,Spatial.Orientation,,0,Cognitive Abilities,Spatial Orientation,"Spatial Orientation,The ability to know your location in relation to the environment or to know where other objects are in relation to you.",5
Visualization,Visualization,,0,Cognitive Abilities,Visualization,"Visualization,The ability to imagine how something will look after it is moved around or when its parts are moved or rearranged.",5
Selective.Attention,Selective.Attention,,0,Cognitive Abilities,Selective Attention,"Selective Attention,The ability to concentrate on a task over a period of time without being distracted.",5
Programming,Programming,,1,Technical Skills,Programming,"Programming,Writing computer programs for various purposes.",6
Operations.Analysis,Operations.Analysis,,1,Technical Skills,Operations Analysis,"Operations Analysis,Analyzing needs and product requirements to create a design.",6
Troubleshooting,Troubleshooting,,0,Technical Skills,Troubleshooting,"Troubleshooting,Determining causes of operating errors and deciding what to do about it.",6
Technology.Design,Technology.Design,,0,Technical Skills,Technology Design,"Technology Design,Generating or adapting equipment and technology to serve user needs.",6
Repairing,Repairing,,0,Technical Skills,Repairing,"Repairing,Repairing machines or systems using the needed tools.",6
Quality.Control.Analysis,Quality.Control.Analysis,,0,Technical Skills,Quality Control Analysis,"Quality Control Analysis,Conducting tests and inspections of products, services, or processes to evaluate quality or performance.",6
Operation.Monitoring,Operation.Monitoring,,0,Technical Skills,Operation Monitoring,"Operation Monitoring,Watching gauges, dials, or other indicators to make sure a machine is working properly.",6
Operation.and.Control,Operation.and.Control,,0,Technical Skills,Operation and Control,"Operation and Control,Controlling operations of equipment or systems.",6
Equipment.Selection,Equipment.Selection,,0,Technical Skills,Equipment Selection,"Equipment Selection,Determining the kind of tools and equipment needed to do a job.",6
Equipment.Maintenance,Equipment.Maintenance,,0,Technical Skills,Equipment Maintenance,"Equipment Maintenance,Performing routine maintenance on equipment and determining when and what kind of maintenance is needed.",6
Installation,Installation,,0,Technical Skills,Installation,"Installation,Installing equipment, machines, wiring, or programs to meet specifications.",6
Interacting.With.Computers,Interacting.With.Computers,,1,Work Output,Interacting With Computers,"Interacting With Computers,Using computers and computer systems (including hardware and software) to program, write software, set up functions, enter data, or process information.",7
Documenting.Recording.Information,Documenting.Recording.Information,,1,Work Output,Documenting/Recording Information,"Documenting/Recording Information,Entering, transcribing, recording, storing, or maintaining information in written or electronic/magnetic form.",7
Performing.General.Physical.Activities,Performing.General.Physical.Activities,,0,Work Output,Performing General Physical Activities,"Performing General Physical Activities,Performing physical activities that require considerable use of your arms and legs and moving your whole body, such as climbing, lifting, balancing, walking, stooping, and handling of materials.",7
Handling.and.Moving.Objects,Handling.and.Moving.Objects,,0,Work Output,Handling and Moving Objects,"Handling and Moving Objects,Using hands and arms in handling, installing, positioning, and moving materials, and manipulating things.",7
Controlling.Machines.and.Processes,Controlling.Machines.and.Processes,,0,Work Output,Controlling Machines and Processes,"Controlling Machines and Processes,Using either control mechanisms or direct physical activity to operate machines or processes (not including computers or vehicles).",7
Operating.Vehicles..Mechanized.Devices..or.Equipment,Operating.Vehicles..Mechanized.Devices..or.Equipment,,0,Work Output,Operating Vehicles,"Operating Vehicles, Mechanized Devices, or Equipment,Running, maneuvering, navigating, or driving vehicles or mechanized equipment, such as forklifts, passenger vehicles, aircraft, or water craft.",7
Drafting..Laying.Out..and.Specifying.Technical.Devices..Parts..and.Equipment,Drafting..Laying.Out..and.Specifying.Technical.Devices..Parts..and.Equipment,,0,Work Output,Drafting,"Drafting, Laying Out, and Specifying Technical Devices, Parts, and Equipment,Providing documentation, detailed instructions, drawings, or specifications to tell others about how devices, parts, equipment, or structures are to be fabricated, constructed, assembled, modified, maintained, or used.",7
Repairing.and.Maintaining.Mechanical.Equipment,Repairing.and.Maintaining.Mechanical.Equipment,,0,Work Output,Repairing and Maintaining Mechanical Equipment,"Repairing and Maintaining Mechanical Equipment,Servicing, repairing, adjusting, and testing machines, devices, moving parts, and equipment that operate primarily on the basis of mechanical (not electronic) principles.",7
Repairing.and.Maintaining.Electronic.Equipment,Repairing.and.Maintaining.Electronic.Equipment,,0,Work Output,Repairing and Maintaining Electronic Equipment,"Repairing and Maintaining Electronic Equipment,Servicing, repairing, calibrating, regulating, fine-tuning, or testing machines, devices, and equipment that operate primarily on the basis of electrical or electronic (not mechanical) principles.",7
Arm.Hand.Steadiness,Arm.Hand.Steadiness,,0,Psychomotor Abilities,Arm-Hand Steadiness,"Arm-Hand Steadiness,The ability to keep your hand and arm steady while moving your arm or while holding your arm and hand in one position.",8
Manual.Dexterity,Manual.Dexterity,,0,Psychomotor Abilities,Manual Dexterity,"Manual Dexterity,The ability to quickly move your hand, your hand together with your arm, or your two hands to grasp, manipulate, or assemble objects.",8
Finger.Dexterity,Finger.Dexterity,,0,Psychomotor Abilities,Finger Dexterity,"Finger Dexterity,The ability to make precisely coordinated movements of the fingers of one or both hands to grasp, manipulate, or assemble very small objects.",8
Control.Precision,Control.Precision,,0,Psychomotor Abilities,Control Precision,"Control Precision,The ability to quickly and repeatedly adjust the controls of a machine or a vehicle to exact positions.",8
Multilimb.Coordination,Multilimb.Coordination,,0,Psychomotor Abilities,Multilimb Coordination,"Multilimb Coordination,The ability to coordinate two or more limbs (for example, two arms, two legs, or one leg and one arm) while sitting, standing, or lying down. It does not involve performing the activities while the whole body is in motion.",8
Response.Orientation,Response.Orientation,,0,Psychomotor Abilities,Response Orientation,"Response Orientation,The ability to choose quickly between two or more movements in response to two or more different signals (lights, sounds, pictures). It includes the speed with which the correct response is started with the hand, foot, or other body part.",8
Rate.Control,Rate.Control,,0,Psychomotor Abilities,Rate Control,"Rate Control,The ability to time your movements or the movement of a piece of equipment in anticipation of changes in the speed and/or direction of a moving object or scene.",8
Reaction.Time,Reaction.Time,,0,Psychomotor Abilities,Reaction Time,"Reaction Time,The ability to quickly respond (with the hand, finger, or foot) to a signal (sound, light, picture) when it appears.",8
Wrist.Finger.Speed,Wrist.Finger.Speed,,0,Psychomotor Abilities,Wrist-Finger Speed,"Wrist-Finger Speed,The ability to make fast, simple, repeated movements of the fingers, hands, and wrists.",8
Speed.of.Limb.Movement,Speed.of.Limb.Movement,,0,Psychomotor Abilities,Speed of Limb Movement,"Speed of Limb Movement,The ability to quickly move the arms and legs.",8
Static.Strength,Static.Strength,,0,Physical Abilities,Static Strength,"Static Strength,The ability to exert maximum muscle force to lift, push, pull, or carry objects.",9
Explosive.Strength,Explosive.Strength,,0,Physical Abilities,Explosive Strength,"Explosive Strength,The ability to use short bursts of muscle force to propel oneself (as in jumping or sprinting), or to throw an object.",9
Dynamic.Strength,Dynamic.Strength,,0,Physical Abilities,Dynamic Strength,"Dynamic Strength,The ability to exert muscle force repeatedly or continuously over time. This involves muscular endurance and resistance to muscle fatigue.",9
Trunk.Strength,Trunk.Strength,,0,Physical Abilities,Trunk Strength,"Trunk Strength,The ability to use your abdominal and lower back muscles to support part of the body repeatedly or continuously over time without 'giving out' or fatiguing.",9
Stamina,Stamina,,0,Physical Abilities,Stamina,"Stamina,The ability to exert yourself physically over long periods of time without getting winded or out of breath.",9
Extent.Flexibility,Extent.Flexibility,,0,Physical Abilities,Extent Flexibility,"Extent Flexibility,The ability to bend, stretch, twist, or reach with your body, arms, and/or legs.",9
Dynamic.Flexibility,Dynamic.Flexibility,,0,Physical Abilities,Dynamic Flexibility,"Dynamic Flexibility,The ability to quickly and repeatedly bend, stretch, twist, or reach out with your body, arms, and/or legs.",9
Gross.Body.Coordination,Gross.Body.Coordination,,0,Physical Abilities,Gross Body Coordination,"Gross Body Coordination,The ability to coordinate the movement of your arms, legs, and torso together when the whole body is in motion.",9
Gross.Body.Equilibrium,Gross.Body.Equilibrium,,0,Physical Abilities,Gross Body Equilibrium,"Gross Body Equilibrium,The ability to keep or regain your body balance or stay upright when in an unstable position.",9
Speech.Recognition,Speech.Recognition,,1,Sensory Abilities,Speech Recognition,"Speech Recognition,The ability to identify and understand the speech of another person.",10
Speech.Clarity,Speech.Clarity,,1,Sensory Abilities,Speech Clarity,"Speech Clarity,The ability to speak clearly so others can understand you.",10
Near.Vision,Near.Vision,,0,Sensory Abilities,Near Vision,"Near Vision,The ability to see details at close range (within a few feet of the observer).",10
Far.Vision,Far.Vision,,0,Sensory Abilities,Far Vision,"Far Vision,The ability to see details at a distance.",10
Visual.Color.Discrimination,Visual.Color.Discrimination,,0,Sensory Abilities,Visual Color Discrimination,"Visual Color Discrimination,The ability to match or detect differences between colors, including shades of color and brightness.",10
Night.Vision,Night.Vision,,0,Sensory Abilities,Night Vision,"Night Vision,The ability to see under low light conditions.",10
Peripheral.Vision,Peripheral.Vision,,0,Sensory Abilities,Peripheral Vision,"Peripheral Vision,The ability to see objects or movement of objects to one's side when the eyes are looking ahead.",10
Depth.Perception,Depth.Perception,,0,Sensory Abilities,Depth Perception,"Depth Perception,The ability to judge which of several objects is closer or farther away from you, or to judge the distance between you and an object.",10
Glare.Sensitivity,Glare.Sensitivity,,0,Sensory Abilities,Glare Sensitivity,"Glare Sensitivity,The ability to see objects in the presence of glare or bright lighting.",10
Hearing.Sensitivity,Hearing.Sensitivity,,0,Sensory Abilities,Hearing Sensitivity,"Hearing Sensitivity,The ability to detect or tell the differences between sounds that vary in pitch and loudness.",10
Auditory.Attention,Auditory.Attention,,0,Sensory Abilities,Auditory Attention,"Auditory Attention,The ability to focus on a single source of sound in the presence of other distracting sounds.",10
Sound.Localization,Sound.Localization,,0,Sensory Abilities,Sound Localization,"Sound Localization,The ability to tell the direction from which a sound originated.",10
Systems.Evaluation,Systems.Evaluation,,1,Systems Skills,Systems Evaluation,"Systems Evaluation,Identifying measures or indicators of system performance and the actions needed to improve or correct performance, relative to the goals of the system.",11
Systems.Analysis,Systems.Analysis,,1,Systems Skills,Systems Analysis,"Systems Analysis,Determining how a system should work and how changes in conditions, operations, and the environment will affect outcomes.",11
Judgment.and.Decision.Making,Judgment.and.Decision.Making,,1,Systems Skills,Judgment and Decision Making,"Judgment and Decision Making,Considering the relative costs and benefits of potential actions to choose the most appropriate one.",11
Social.Perceptiveness,Social.Perceptiveness,,1,Social Skills,Social Perceptiveness,"Social Perceptiveness,Being aware of others' reactions and understanding why they react as they do.",12
Service.Orientation,Service.Orientation,,1,Social Skills,Service Orientation,"Service Orientation,Actively looking for ways to help people.",12
Persuasion,Persuasion,,1,Social Skills,Persuasion,"Persuasion,Persuading others to change their minds or behavior.",12
Negotiation,Negotiation,,1,Social Skills,Negotiation,"Negotiation,Bringing others together and trying to reconcile differences.",12
Instructing,Instructing,,1,Social Skills,Instructing,"Instructing,Teaching others how to do something.",12
Coordination,Coordination,,1,Social Skills,Coordination,"Coordination,Adjusting actions in relation to others' actions.",12
Time.Management,Time.Management,,1,Resource Management Skills,Time Management,"Time Management,Managing one's own time and the time of others.",13
Management.of.Personnel.Resources,Management.of.Personnel.Resources,,1,Resource Management Skills,Management of Personnel Resources,"Management of Personnel Resources,Motivating, developing, and directing people as they work, identifying the best people for the job.",13
Management.of.Material.Resources,Management.of.Material.Resources,,1,Resource Management Skills,Management of Material Resources,"Management of Material Resources,Obtaining and seeing to the appropriate use of equipment, facilities, and materials needed to do certain work.",13
Management.of.Financial.Resources,Management.of.Financial.Resources,,1,Resource Management Skills,Management of Financial Resources,"Management of Financial Resources,Determining how money will be spent to get the work done, and accounting for these expenditures.",13
Getting.Information,Getting.Information,,1,Information Input,Getting Information,"Getting Information,Observing, receiving, and otherwise obtaining information from all relevant sources.",14
Identifying.Objects..Actions..and.Events,Identifying.Objects..Actions..and.Events,,1,Information Input,Identifying Objects,"Identifying Objects, Actions, and Events,Identifying information by categorizing, estimating, recognizing differences or similarities, and detecting changes in circumstances or events.",14
Monitor.Processes..Materials..or.Surroundings,Monitor.Processes..Materials..or.Surroundings,,0,Information Input,Monitor Processes,"Monitor Processes, Materials, or Surroundings,Monitoring and reviewing information from materials, events, or the environment, to detect or assess problems.",14
Inspecting.Equipment..Structures..or.Material,Inspecting.Equipment..Structures..or.Material,,0,Information Input,Inspecting Equipment,"Inspecting Equipment, Structures, or Material,Inspecting equipment, structures, or materials to identify the cause of errors or other problems or defects.",14
Estimating.the.Quantifiable.Characteristics.of.Products..Events..or.Information,Estimating.the.Quantifiable.Characteristics.of.Products..Events..or.Information,,0,Information Input,Estimating the Quantifiable Characteristics of Products,"Estimating the Quantifiable Characteristics of Products, Events, or Information,Estimating sizes, distances, and quantities; or determining time, costs, resources, or materials needed to perform a work activity.",14
Complex.Problem.Solving,Complex.Problem.Solving,,1,Complex Problem Solving Skills,Complex Problem Solving,"Complex Problem Solving,Identifying complex problems and reviewing related information to develop and evaluate options and implement solutions.",15
